0.3,0,0,-1.8,20,-445
0.3,0.05,0,-1.8,20,-446
0.3,0.1,0,-1.8,20,-445
0.3,0.15,0,-1.8,20,-446
0.3,0.2,0,15.9,-60,-435
0.3,0.25,0,22,-89,-427
0.3,0.3,0,24.3,-101,-423
0.3,0.35,0,26,-110,-417
0.3,0.4,0,29.5,-122,-411
0.3,0.45,0,31.1,-132,-407
0.3,0.5,0,33.1,-141,-401
0.3,0.55,0,35.2,-148,-397
0.3,0.6,0,37.5,-156,-391
0.3,0.65,0,38.1,-160,-389
0.3,0.7,0,38.8,-164,-386
0.3,0.75,0,40.9,-171,-381
0.3,0.8,0,41.9,-173,-377
0.3,0.85,0,43.2,-179,-374
0.3,0.9,0,44.2,-182,-371
0.3,0.95,0,45.5,-188,-366
0.3,1,0,46.5,-190,-363
0.3,1.05,0,47.3,-192,-361
0.3,1.1,0,48.1,-196,-357
0.3,1.15,0,49.6,-199,-355
0.3,1.2,0,49.9,-201,-351
0.3,1.25,0,50.4,-203,-349
0.3,1.3,0,51.4,-206,-346
0.3,1.35,0,52.5,-208,-343
0.3,1.4,0,53,-210,-342
0.3,1.45,0,53.7,-214,-338
0.3,1.5,0,54.4,-214,-336
0.3,0,0,10.3,-47,-442
0.3,0,0.05,8.8,-41,-443
0.3,0,0.1,8.3,-36,-445
0.3,0,0.15,2.5,-7,-445
0.3,0,0.2,-13,71,-435
0.3,0,0.25,-17.1,94,-428
0.3,0,0.3,-19.8,105,-424
0.3,0,0.35,-21.1,113,-421
0.3,0,0.4,-24,128,-413
0.3,0,0.45,-25.5,135,-409
0.3,0,0.5,-28.2,148,-402
0.3,0,0.55,-29.5,154,-398
0.3,0,0.6,-31.7,164,-392
0.3,0,0.65,-32.7,169,-388
0.3,0,0.7,-34.6,177,-384
0.3,0,0.75,-36.5,186,-377
0.3,0,0.8,-38.1,193,-371
0.3,0,0.85,-40.7,207,-359
0.3,0,0.9,-42,211,-355
0.3,0,0.95,-45,221,-345
0.3,0,1,-46.8,231,-336
0.3,0,1.05,-48.2,235,-332
0.3,0,1.1,-50.3,243,-322
0.3,0,1.15,-51.4,247,-318
0.3,0,1.2,-54.4,257,-305
0.3,0,1.25,-55.6,260,-301
0.3,0,1.3,-56.8,265,-296
0.3,0,1.35,-58.5,269,-286
0.3,0,1.4,-59.2,271,-283
0.3,0,1.45,-61,276,-276
0.3,0,1.5,-62.2,278,-271
0.35,0,0,-24.9,151,-412
0.35,0.05,0,-23.9,148,-413
0.35,0.1,0,-24,148,-413
0.35,0.15,0,-24,148,-412
0.35,0.2,0,10.7,-22,-437
0.35,0.25,0,16.6,-52,-431
0.35,0.3,0,19,-66,-427
0.35,0.35,0,21.8,-78,-424
0.35,0.4,0,25.1,-95,-419
0.35,0.45,0,26.5,-102,-415
0.35,0.5,0,29.4,-115,-411
0.35,0.55,0,30.9,-122,-406
0.35,0.6,0,33.7,-132,-400
0.35,0.65,0,34.9,-136,-398
0.35,0.7,0,35.8,-142,-396
0.35,0.75,0,37.8,-148,-390
0.35,0.8,0,39.3,-154,-386
0.35,0.85,0,40.6,-160,-383
0.35,0.9,0,41.4,-162,-377
0.35,0.95,0,42.9,-168,-375
0.35,1,0,43.2,-169,-373
0.35,1.05,0,44.2,-172,-371
0.35,1.1,0,45.5,-177,-366
0.35,1.15,0,45.5,-177,-366
0.35,1.2,0,47.3,-182,-359
0.35,1.25,0,47.6,-184,-358
0.35,1.3,0,48.3,-186,-357
0.35,1.35,0,49.8,-190,-352
0.35,1.4,0,50.1,-191,-351
0.35,1.45,0,51.7,-196,-346
0.35,1.5,0,51.7,-197,-346
0.35,0,0,11.1,-46,-442
0.35,0,0.05,9.2,-40,-444
0.35,0,0.1,8.9,-37,-445
0.35,0,0.15,4.7,-16,-445
0.35,0,0.2,-10.3,58,-438
0.35,0,0.25,-17.1,93,-429
0.35,0,0.3,-19.1,103,-425
0.35,0,0.35,-21.2,112,-421
0.35,0,0.4,-23.4,124,-416
0.35,0,0.45,-24.5,131,-412
0.35,0,0.5,-26.7,141,-407
0.35,0,0.55,-27.9,146,-403
0.35,0,0.6,-29.5,155,-398
0.35,0,0.65,-30.7,160,-395
0.35,0,0.7,-32.5,168,-391
0.35,0,0.75,-34.6,179,-382
0.35,0,0.8,-36.5,186,-378
0.35,0,0.85,-37.7,193,-372
0.35,0,0.9,-39.7,203,-364
0.35,0,0.95,-41.8,212,-356
0.35,0,1,-43.6,218,-350
0.35,0,1.05,-45,224,-345
0.35,0,1.1,-48.4,237,-331
0.35,0,1.15,-48.5,239,-329
0.35,0,1.2,-51.4,249,-318
0.35,0,1.25,-53.3,256,-309
0.35,0,1.3,-54.4,259,-305
0.35,0,1.35,-56.4,265,-295
0.35,0,1.4,-58.2,270,-288
0.35,0,1.45,-58.8,271,-285
0.35,0,1.5,-60,273,-280
0.4,0,0,-25.2,157,-409
0.4,0.05,0,-24.4,151,-412
0.4,0.1,0,-24.4,151,-414
0.4,0.15,0,-24.2,150,-411
0.4,0.2,0,9.2,-14,-438
0.4,0.25,0,14.4,-40,-437
0.4,0.3,0,17.4,-55,-433
0.4,0.35,0,18.9,-66,-429
0.4,0.4,0,23,-84,-424
0.4,0.45,0,24.6,-92,-420
0.4,0.5,0,28.1,-107,-414
0.4,0.55,0,29.4,-113,-410
0.4,0.6,0,31.6,-124,-406
0.4,0.65,0,33.4,-129,-402
0.4,0.7,0,33.4,-132,-400
0.4,0.75,0,35.5,-141,-394
0.4,0.8,0,36.8,-146,-392
0.4,0.85,0,38.6,-152,-385
0.4,0.9,0,39.6,-156,-384
0.4,0.95,0,41.4,-162,-380
0.4,1,0,42.2,-165,-378
0.4,1.05,0,42.7,-167,-377
0.4,1.1,0,44,-172,-372
0.4,1.15,0,44.5,-174,-369
0.4,1.2,0,46,-179,-366
0.4,1.25,0,46,-179,-364
0.4,1.3,0,47,-183,-362
0.4,1.35,0,48.3,-187,-358
0.4,1.4,0,48.6,-188,-356
0.4,1.45,0,50.1,-193,-353
0.4,1.5,0,50.6,-195,-351
0.4,0,0,10.1,-42,-444
0.4,0,0.05,9.5,-39,-444
0.4,0,0.1,8.5,-36,-444
0.4,0,0.15,6.1,-23,-446
0.4,0,0.2,1.8,-4,-446
0.4,0,0.25,-15.8,84,-431
0.4,0,0.3,-18.4,99,-427
0.4,0,0.35,-19.6,108,-424
0.4,0,0.4,-22.4,121,-418
0.4,0,0.45,-23.9,128,-416
0.4,0,0.5,-25.7,137,-410
0.4,0,0.55,-26.9,142,-407
0.4,0,0.6,-28.4,150,-402
0.4,0,0.65,-29.3,155,-400
0.4,0,0.7,-30,159,-397
0.4,0,0.75,-32.5,169,-391
0.4,0,0.8,-33.6,174,-387
0.4,0,0.85,-35.1,184,-380
0.4,0,0.9,-36.2,188,-378
0.4,0,0.95,-39.1,201,-366
0.4,0,1,-39.9,205,-364
0.4,0,1.05,-42.1,212,-358
0.4,0,1.1,-43.9,221,-348
0.4,0,1.15,-45,227,-344
0.4,0,1.2,-48.2,237,-334
0.4,0,1.25,-49,241,-329
0.4,0,1.3,-50.3,245,-324
0.4,0,1.35,-52.4,253,-314
0.4,0,1.4,-53.6,257,-310
0.4,0,1.45,-56.1,265,-296
0.4,0,1.5,-57.5,269,-290
0.45,0,0,-25,154,-412
0.45,0.05,0,-24,149,-414
0.45,0.1,0,-24,149,-413
0.45,0.15,0,-23.6,149,-415
0.45,0.2,0,7.9,-8,-444
0.45,0.25,0,13.5,-36,-438
0.45,0.3,0,15.7,-47,-436
0.45,0.35,0,17.6,-60,-432
0.45,0.4,0,21.2,-77,-424
0.45,0.45,0,23.6,-86,-422
0.45,0.5,0,26.2,-101,-416
0.45,0.55,0,27.8,-107,-413
0.45,0.6,0,30.3,-120,-408
0.45,0.65,0,31.6,-123,-405
0.45,0.7,0,32.6,-127,-402
0.45,0.75,0,34.6,-135,-397
0.45,0.8,0,35.6,-139,-395
0.45,0.85,0,37.5,-147,-390
0.45,0.9,0,38.5,-151,-388
0.45,0.95,0,40.1,-156,-383
0.45,1,0,40.3,-159,-381
0.45,1.05,0,41.6,-162,-380
0.45,1.1,0,42.9,-167,-375
0.45,1.15,0,43.4,-171,-374
0.45,1.2,0,44.2,-174,-370
0.45,1.25,0,45.2,-177,-367
0.45,1.3,0,46,-179,-365
0.45,1.35,0,47,-183,-363
0.45,1.4,0,47.8,-185,-359
0.45,1.45,0,48.6,-188,-357
0.45,1.5,0,49.3,-191,-356
0.45,0,0,10.3,-41,-443
0.45,0,0.05,9.1,-37,-445
0.45,0,0.1,8.3,-35,-445
0.45,0,0.15,8.3,-35,-445
0.45,0,0.2,4.3,-17,-446
0.45,0,0.25,-14.7,79,-433
0.45,0,0.3,-17.1,95,-431
0.45,0,0.35,-18.7,104,-426
0.45,0,0.4,-22,120,-418
0.45,0,0.45,-23.6,127,-416
0.45,0,0.5,-25.4,136,-412
0.45,0,0.55,-26,141,-409
0.45,0,0.6,-28.3,151,-403
0.45,0,0.65,-29,154,-401
0.45,0,0.7,-29.9,158,-399
0.45,0,0.75,-31.7,166,-394
0.45,0,0.8,-32.7,171,-390
0.45,0,0.85,-34.4,181,-384
0.45,0,0.9,-35.6,185,-381
0.45,0,0.95,-38.1,196,-373
0.45,0,1,-38.6,199,-369
0.45,0,1.05,-40.5,205,-364
0.45,0,1.1,-41.8,212,-358
0.45,0,1.15,-42.9,217,-353
0.45,0,1.2,-44.4,224,-348
0.45,0,1.25,-46,231,-339
0.45,0,1.3,-47.6,237,-334
0.45,0,1.35,-49.3,241,-327
0.45,0,1.4,-50.8,248,-320
0.45,0,1.45,-52.5,253,-313
0.45,0,1.5,-54.6,259,-305
0.5,0,0,-23.2,146,-417
0.5,0.05,0,-22.7,143,-417
0.5,0.1,0,-22.4,141,-418
0.5,0.15,0,-22.5,141,-417
0.5,0.2,0,7.3,-8,-442
0.5,0.25,0,11.6,-31,-440
0.5,0.3,0,14.6,-42,-438
0.5,0.35,0,15.9,-51,-435
0.5,0.4,0,19.9,-70,-429
0.5,0.45,0,22,-81,-426
0.5,0.5,0,23.8,-92,-421
0.5,0.55,0,25.9,-99,-416
0.5,0.6,0,28.3,-111,-412
0.5,0.65,0,29.8,-116,-412
0.5,0.7,0,30.7,-121,-406
0.5,0.75,0,32.6,-129,-401
0.5,0.8,0,33.9,-132,-400
0.5,0.85,0,36,-141,-396
0.5,0.9,0,36.6,-145,-393
0.5,0.95,0,38.4,-151,-388
0.5,1,0,38.8,-154,-387
0.5,1.05,0,39.9,-158,-385
0.5,1.1,0,41.4,-162,-381
0.5,1.15,0,41.9,-165,-379
0.5,1.2,0,43.2,-170,-373
0.5,1.25,0,43.7,-171,-373
0.5,1.3,0,44.7,-174,-372
0.5,1.35,0,45.5,-178,-368
0.5,1.4,0,46,-180,-367
0.5,1.45,0,46.8,-183,-364
0.5,1.5,0,47.8,-185,-360
0.5,0,0,9.8,-40,-445
0.5,0,0.05,8.4,-37,-445
0.5,0,0.1,9.1,-37,-446
0.5,0,0.15,7.3,-29,-446
0.5,0,0.2,5.9,-23,-446
0.5,0,0.25,-11.8,66,-439
0.5,0,0.3,-15.3,86,-432
0.5,0,0.35,-18,98,-428
0.5,0,0.4,-20.7,113,-424
0.5,0,0.45,-21.9,121,-420
0.5,0,0.5,-24.2,132,-415
0.5,0,0.55,-25.2,137,-413
0.5,0,0.6,-27,145,-407
0.5,0,0.65,-28.4,150,-403
0.5,0,0.7,-28.7,152,-403
0.5,0,0.75,-30.5,160,-398
0.5,0,0.8,-31.4,165,-395
0.5,0,0.85,-32.4,172,-390
0.5,0,0.9,-33.9,177,-387
0.5,0,0.95,-35.1,183,-382
0.5,0,1,-36.2,187,-379
0.5,0,1.05,-36.8,191,-376
0.5,0,1.1,-38.9,199,-370
0.5,0,1.15,-39.7,204,-365
0.5,0,1.2,-41.5,212,-359
0.5,0,1.25,-42.9,217,-354
0.5,0,1.3,-44.4,222,-348
0.5,0,1.35,-45.8,228,-342
0.5,0,1.4,-47.1,233,-336
0.5,0,1.45,-48.4,240,-332
0.5,0,1.5,-50.3,244,-324
0.55,0,0,-22.9,141,-416
0.55,0.05,0,-21.9,137,-418
0.55,0.1,0,-21.9,137,-420
0.55,0.15,0,-21.7,136,-419
0.55,0.2,0,6.5,-6,-442
0.55,0.25,0,11,-27,-439
0.55,0.3,0,13.6,-37,-436
0.55,0.35,0,15.4,-46,-435
0.55,0.4,0,18.1,-63,-431
0.55,0.45,0,21,-75,-427
0.55,0.5,0,23.3,-87,-423
0.55,0.55,0,24.7,-95,-420
0.55,0.6,0,27.8,-106,-414
0.55,0.65,0,28.7,-111,-411
0.55,0.7,0,30.1,-116,-410
0.55,0.75,0,31.9,-126,-403
0.55,0.8,0,32.7,-130,-404
0.55,0.85,0,35,-138,-396
0.55,0.9,0,36,-142,-396
0.55,0.95,0,37.3,-148,-392
0.55,1,0,38.5,-151,-389
0.55,1.05,0,38.6,-153,-388
0.55,1.1,0,40.4,-159,-384
0.55,1.15,0,41.1,-161,-382
0.55,1.2,0,42.2,-166,-377
0.55,1.25,0,42.9,-168,-377
0.55,1.3,0,43.7,-171,-374
0.55,1.35,0,44.5,-174,-372
0.55,1.4,0,45.2,-177,-370
0.55,1.45,0,46,-180,-366
0.55,1.5,0,46.8,-182,-365
0.55,0,0,9,-39,-445
0.55,0,0.05,8.4,-36,-445
0.55,0,0.1,8.3,-34,-445
0.55,0,0.15,7.3,-29,-446
0.55,0,0.2,5.1,-22,-446
0.55,0,0.25,-10.6,61,-440
0.55,0,0.3,-14.5,82,-435
0.55,0,0.35,-16.9,94,-431
0.55,0,0.4,-19.9,110,-425
0.55,0,0.45,-21.2,117,-421
0.55,0,0.5,-23.6,129,-416
0.55,0,0.55,-24.7,133,-414
0.55,0,0.6,-26.7,142,-409
0.55,0,0.65,-27.9,148,-406
0.55,0,0.7,-28,151,-405
0.55,0,0.75,-29.5,155,-400
0.55,0,0.8,-30.9,161,-397
0.55,0,0.85,-32.2,169,-392
0.55,0,0.9,-33.2,173,-389
0.55,0,0.95,-34.9,182,-384
0.55,0,1,-35.7,185,-382
0.55,0,1.05,-36.7,187,-378
0.55,0,1.1,-38,194,-373
0.55,0,1.15,-39.2,199,-369
0.55,0,1.2,-40.5,207,-362
0.55,0,1.25,-41.8,214,-359
0.55,0,1.3,-43.1,216,-353
0.55,0,1.35,-45.8,228,-343
0.55,0,1.4,-46.6,231,-339
0.55,0,1.45,-47.4,236,-336
0.55,0,1.5,-49.2,241,-331
0.6,0,0,-21.4,135,-421
0.6,0.05,0,-21.2,131,-423
0.6,0.1,0,-20.6,130,-421
0.6,0.15,0,-20.7,130,-422
0.6,0.2,0,4,7,-443
0.6,0.25,0,9.4,-20,-443
0.6,0.3,0,11.7,-29,-438
0.6,0.35,0,13.6,-38,-436
0.6,0.4,0,16.9,-54,-433
0.6,0.45,0,18.9,-64,-429
0.6,0.5,0,21.4,-78,-428
0.6,0.55,0,23.1,-86,-424
0.6,0.6,0,25.6,-97,-419
0.6,0.65,0,27.3,-104,-414
0.6,0.7,0,28,-108,-414
0.6,0.75,0,30.6,-118,-408
0.6,0.8,0,31.2,-123,-406
0.6,0.85,0,32.9,-130,-404
0.6,0.9,0,34.4,-135,-401
0.6,0.95,0,35.8,-142,-395
0.6,1,0,37.3,-146,-394
0.6,1.05,0,37.3,-148,-393
0.6,1.1,0,39.1,-154,-388
0.6,1.15,0,39.6,-156,-386
0.6,1.2,0,41.1,-160,-383
0.6,1.25,0,41.6,-163,-381
0.6,1.3,0,42.4,-166,-380
0.6,1.35,0,42.9,-169,-377
0.6,1.4,0,43.7,-172,-375
0.6,1.45,0,45,-176,-372
0.6,1.5,0,45.7,-177,-369
0.6,0,0,8.7,-35,-446
0.6,0,0.05,7.6,-32,-448
0.6,0,0.1,7.3,-31,-447
0.6,0,0.15,6.5,-27,-447
0.6,0,0.2,5.8,-23,-447
0.6,0,0.25,-6.7,38,-444
0.6,0,0.3,-12.5,71,-439
0.6,0,0.35,-16.2,87,-432
0.6,0,0.4,-18.7,102,-428
0.6,0,0.45,-20.4,111,-425
0.6,0,0.5,-23.1,124,-420
0.6,0,0.55,-23.4,129,-418
0.6,0,0.6,-25.5,137,-411
0.6,0,0.65,-26.7,141,-409
0.6,0,0.7,-27.4,146,-407
0.6,0,0.75,-28.9,153,-402
0.6,0,0.8,-29.5,155,-401
0.6,0,0.85,-31.2,164,-396
0.6,0,0.9,-32.4,167,-393
0.6,0,0.95,-33.2,172,-390
0.6,0,1,-34.6,179,-385
0.6,0,1.05,-34.9,182,-384
0.6,0,1.1,-36.5,188,-379
0.6,0,1.15,-36.7,190,-377
0.6,0,1.2,-38.9,200,-370
0.6,0,1.25,-40.2,205,-366
0.6,0,1.3,-41,208,-363
0.6,0,1.35,-42.3,216,-357
0.6,0,1.4,-43.9,219,-351
0.6,0,1.45,-45,226,-347
0.6,0,1.5,-46,231,-343
0.65,0,0,-21.4,131,-422
0.65,0.05,0,-20.3,127,-425
0.65,0.1,0,-19.9,126,-425
0.65,0.15,0,-20.3,126,-426
0.65,0.2,0,2.9,11,-445
0.65,0.25,0,9.4,-17,-444
0.65,0.3,0,10.6,-26,-441
0.65,0.35,0,12.5,-34,-439
0.65,0.4,0,16.5,-51,-435
0.65,0.45,0,17.3,-58,-433
0.65,0.5,0,20.6,-74,-429
0.65,0.55,0,22.2,-82,-427
0.65,0.6,0,25.1,-95,-423
0.65,0.65,0,25.9,-100,-418
0.65,0.7,0,27.7,-106,-417
0.65,0.75,0,29.8,-114,-411
0.65,0.8,0,30.4,-119,-410
0.65,0.85,0,32.6,-127,-406
0.65,0.9,0,33.4,-132,-402
0.65,0.95,0,35.6,-139,-398
0.65,1,0,36,-142,-396
0.65,1.05,0,36.8,-146,-394
0.65,1.1,0,38.1,-151,-390
0.65,1.15,0,39.1,-154,-388
0.65,1.2,0,39.9,-158,-385
0.65,1.25,0,40.9,-161,-383
0.65,1.3,0,41.1,-162,-381
0.65,1.35,0,42.7,-168,-378
0.65,1.4,0,42.9,-170,-377
0.65,1.45,0,44,-173,-373
0.65,1.5,0,44.7,-174,-371
0.65,0,0,8.7,-34,-447
0.65,0,0.05,7.9,-32,-449
0.65,0,0.1,7.9,-31,-447
0.65,0,0.15,6.5,-24,-446
0.65,0,0.2,5.8,-22,-446
0.65,0,0.25,-1,13,-448
0.65,0,0.3,-8.8,51,-443
0.65,0,0.35,-14,79,-436
0.65,0,0.4,-18.4,100,-429
0.65,0,0.45,-19.1,106,-426
0.65,0,0.5,-22,120,-420
0.65,0,0.55,-23.1,125,-418
0.65,0,0.6,-25,135,-413
0.65,0,0.65,-26.2,139,-410
0.65,0,0.7,-26.9,144,-408
0.65,0,0.75,-28.7,151,-403
0.65,0,0.8,-29.5,154,-402
0.65,0,0.85,-30.5,160,-398
0.65,0,0.9,-31.6,164,-395
0.65,0,0.95,-32.4,170,-393
0.65,0,1,-33.2,174,-389
0.65,0,1.05,-34.9,180,-385
0.65,0,1.1,-35.6,185,-382
0.65,0,1.15,-36.2,187,-380
0.65,0,1.2,-38.1,194,-374
0.65,0,1.25,-38.9,199,-371
0.65,0,1.3,-39.7,202,-367
0.65,0,1.35,-41.3,211,-360
0.65,0,1.4,-42.3,215,-356
0.65,0,1.45,-45,224,-349
0.65,0,1.5,-44.7,223,-349
0.7,0,0,-19.9,126,-425
0.7,0.05,0,-19.6,124,-427
0.7,0.1,0,-19.4,124,-428
0.7,0.15,0,-19.4,122,-427
0.7,0.2,0,2.5,15,-445
0.7,0.25,0,8.8,-15,-442
0.7,0.3,0,10.1,-23,-442
0.7,0.35,0,12.1,-31,-438
0.7,0.4,0,15.1,-46,-438
0.7,0.45,0,16.7,-54,-434
0.7,0.5,0,19.7,-70,-429
0.7,0.55,0,21,-78,-429
0.7,0.6,0,23.7,-90,-421
0.7,0.65,0,25.4,-97,-421
0.7,0.7,0,26.9,-103,-418
0.7,0.75,0,29,-113,-413
0.7,0.8,0,29.6,-117,-413
0.7,0.85,0,31.7,-125,-405
0.7,0.9,0,33.1,-129,-404
0.7,0.95,0,34.7,-136,-399
0.7,1,0,35.5,-140,-397
0.7,1.05,0,36.8,-144,-396
0.7,1.1,0,37.6,-149,-391
0.7,1.15,0,38.1,-152,-391
0.7,1.2,0,39.6,-157,-386
0.7,1.25,0,39.9,-158,-386
0.7,1.3,0,40.6,-161,-384
0.7,1.35,0,41.6,-165,-380
0.7,1.4,0,42.7,-168,-380
0.7,1.45,0,43.2,-171,-376
0.7,1.5,0,44,-173,-374
0.7,0,0,8.3,-31,-448
0.7,0,0.05,6.9,-28,-446
0.7,0,0.1,7.2,-28,-447
0.7,0,0.15,6.5,-24,-446
0.7,0,0.2,5.8,-21,-448
0.7,0,0.25,-0.7,11,-448
0.7,0,0.3,-11.1,62,-440
0.7,0,0.35,-14.2,79,-435
0.7,0,0.4,-17.5,96,-430
0.7,0,0.45,-18.3,103,-428
0.7,0,0.5,-21.4,117,-422
0.7,0,0.55,-22.9,123,-418
0.7,0,0.6,-24.9,133,-413
0.7,0,0.65,-25.7,137,-411
0.7,0,0.7,-26.9,142,-410
0.7,0,0.75,-28,151,-406
0.7,0,0.8,-28.9,153,-403
0.7,0,0.85,-30,159,-400
0.7,0,0.9,-30.9,162,-399
0.7,0,0.95,-33,171,-391
0.7,0,1,-33.2,173,-390
0.7,0,1.05,-33.8,177,-388
0.7,0,1.1,-35.1,183,-383
0.7,0,1.15,-35.9,186,-382
0.7,0,1.2,-37.1,192,-376
0.7,0,1.25,-38.3,197,-373
0.7,0,1.3,-39.2,201,-371
0.7,0,1.35,-41,207,-364
0.7,0,1.4,-41.3,212,-361
0.7,0,1.45,-44.2,220,-353
0.7,0,1.5,-44.2,222,-350
0.75,0,0,-19.2,121,-428
0.75,0.05,0,-18.7,119,-427
0.75,0.1,0,-18.4,118,-429
0.75,0.15,0,-18.3,118,-429
0.75,0.2,0,1.4,19,-444
0.75,0.25,0,7.2,-10,-444
0.75,0.3,0,9.8,-20,-444
0.75,0.35,0,10.4,-26,-444
0.75,0.4,0,14.1,-41,-438
0.75,0.45,0,15.4,-48,-437
0.75,0.5,0,17.8,-63,-434
0.75,0.55,0,19.7,-70,-430
0.75,0.6,0,22.6,-84,-424
0.75,0.65,0,23.6,-89,-422
0.75,0.7,0,25.1,-96,-423
0.75,0.75,0,27.7,-106,-415
0.75,0.8,0,28.1,-110,-415
0.75,0.85,0,30.3,-118,-410
0.75,0.9,0,31.4,-123,-409
0.75,0.95,0,33.2,-130,-405
0.75,1,0,33.7,-135,-402
0.75,1.05,0,34.5,-137,-402
0.75,1.1,0,36.3,-143,-396
0.75,1.15,0,37.1,-148,-394
0.75,1.2,0,38.4,-152,-392
0.75,1.25,0,38.9,-155,-389
0.75,1.3,0,39.1,-157,-388
0.75,1.35,0,40.9,-162,-384
0.75,1.4,0,41.2,-164,-383
0.75,1.45,0,41.9,-167,-379
0.75,1.5,0,42.9,-170,-377
0.75,0,0,7.3,-28,-447
0.75,0,0.05,6.5,-25,-448
0.75,0,0.1,6.5,-24,-448
0.75,0,0.15,6.2,-22,-447
0.75,0,0.2,5.7,-21,-449
0.75,0,0.25,1.4,0,-449
0.75,0,0.3,-8.5,50,-443
0.75,0,0.35,-12.5,68,-439
0.75,0,0.4,-15.6,89,-434
0.75,0,0.45,-17.1,97,-431
0.75,0,0.5,-19.4,109,-426
0.75,0,0.55,-21.2,116,-423
0.75,0,0.6,-23.7,128,-418
0.75,0,0.65,-24.2,132,-416
0.75,0,0.7,-25.2,136,-412
0.75,0,0.75,-27.4,146,-407
0.75,0,0.8,-28.2,150,-406
0.75,0,0.85,-29,155,-402
0.75,0,0.9,-29.9,156,-401
0.75,0,0.95,-31.2,164,-396
0.75,0,1,-31.7,168,-395
0.75,0,1.05,-32.8,172,-392
0.75,0,1.1,-34.3,178,-386
0.75,0,1.15,-35.1,181,-385
0.75,0,1.2,-35.7,186,-382
0.75,0,1.25,-36.8,189,-379
0.75,0,1.3,-37.8,193,-377
0.75,0,1.35,-39.1,200,-371
0.75,0,1.4,-40,204,-369
0.75,0,1.45,-41.8,211,-361
0.75,0,1.5,-42.6,215,-358
0.8,0,0,-18.7,116,-429
0.8,0.05,0,-18.2,116,-430
0.8,0.1,0,-18.4,115,-429
0.8,0.15,0,-17.9,115,-429
0.8,0.2,0,0.3,23,-445
0.8,0.25,0,7.3,-10,-445
0.8,0.3,0,9.1,-18,-441
0.8,0.35,0,10.6,-26,-442
0.8,0.4,0,13.1,-39,-439
0.8,0.45,0,15,-46,-437
0.8,0.5,0,17.3,-59,-433
0.8,0.55,0,19.1,-69,-431
0.8,0.6,0,21.7,-81,-429
0.8,0.65,0,23.3,-88,-426
0.8,0.7,0,24.4,-94,-422
0.8,0.75,0,26.7,-103,-419
0.8,0.8,0,27.5,-108,-416
0.8,0.85,0,29.4,-117,-412
0.8,0.9,0,30.6,-121,-410
0.8,0.95,0,32.2,-130,-406
0.8,1,0,33.7,-133,-403
0.8,1.05,0,33.9,-136,-400
0.8,1.1,0,35.7,-142,-397
0.8,1.15,0,36.1,-145,-396
0.8,1.2,0,37.6,-150,-393
0.8,1.25,0,37.8,-152,-390
0.8,1.3,0,39.4,-155,-389
0.8,1.35,0,39.8,-158,-385
0.8,1.4,0,40.6,-161,-384
0.8,1.45,0,41.4,-164,-380
0.8,1.5,0,42.2,-166,-378
0.8,0,0,42.2,-168,-380
0.8,0,0.05,7.3,-26,-447
0.8,0,0.1,6.9,-24,-448
0.8,0,0.15,5.5,-20,-447
0.8,0,0.2,4.8,-18,-449
0.8,0,0.25,1.4,0,-449
0.8,0,0.3,-8,49,-444
0.8,0,0.35,-12.1,67,-440
0.8,0,0.4,-15.6,85,-435
0.8,0,0.45,-17.3,94,-430
0.8,0,0.5,-19.6,106,-426
0.8,0,0.55,-20.9,115,-424
0.8,0,0.6,-22.9,126,-419
0.8,0,0.65,-24.4,131,-416
0.8,0,0.7,-25.4,136,-414
0.8,0,0.75,-26.9,143,-409
0.8,0,0.8,-27.4,147,-407
0.8,0,0.85,-29.2,154,-403
0.8,0,0.9,-29.9,158,-401
0.8,0,0.95,-31.2,163,-397
0.8,0,1,-31.9,167,-394
0.8,0,1.05,-32.5,172,-392
0.8,0,1.1,-33.4,175,-390
0.8,0,1.15,-35.1,181,-385
0.8,0,1.2,-35.7,186,-383
0.8,0,1.25,-36.7,188,-379
0.8,0,1.3,-37.3,191,-377
0.8,0,1.35,-38.6,198,-373
0.8,0,1.4,-39.4,201,-370
0.8,0,1.45,-39.9,205,-366
0.8,0,1.5,-41.2,209,-363
0.85,0,0,-17.9,113,-428
0.85,0.05,0,-17.6,112,-429
0.85,0.1,0,-17.5,111,-430
0.85,0.15,0,-17.2,110,-429
0.85,0.2,0,-1.4,30,-446
0.85,0.25,0,5.8,-5,-445
0.85,0.3,0,7.7,-14,-444
0.85,0.35,0,9.1,-21,-443
0.85,0.4,0,12.8,-36,-441
0.85,0.45,0,13.5,-42,-439
0.85,0.5,0,16.6,-55,-436
0.85,0.55,0,18.2,-62,-434
0.85,0.6,0,20.4,-75,-430
0.85,0.65,0,21.5,-82,-428
0.85,0.7,0,22.8,-88,-427
0.85,0.75,0,25.6,-98,-422
0.85,0.8,0,26.2,-103,-419
0.85,0.85,0,28.5,-112,-415
0.85,0.9,0,28.8,-115,-412
0.85,0.95,0,31.2,-122,-408
0.85,1,0,31.6,-126,-407
0.85,1.05,0,32.8,-130,-405
0.85,1.1,0,34.5,-137,-401
0.85,1.15,0,35.2,-139,-399
0.85,1.2,0,36.5,-144,-396
0.85,1.25,0,37.3,-147,-394
0.85,1.3,0,37.8,-150,-393
0.85,1.35,0,38.6,-155,-390
0.85,1.4,0,39.1,-156,-388
0.85,1.45,0,40.3,-159,-384
0.85,1.5,0,40.7,-162,-384
0.85,0,0,6.1,-22,-449
0.85,0,0.05,5.8,-20,-449
0.85,0,0.1,5.4,-20,-448
0.85,0,0.15,5.8,-19,-447
0.85,0,0.2,5.1,-16,-449
0.85,0,0.25,1.4,0,-447
0.85,0,0.3,-4.8,32,-445
0.85,0,0.35,-10.3,59,-442
0.85,0,0.4,-13.8,77,-436
0.85,0,0.45,-16,88,-433
0.85,0,0.5,-17.8,101,-431
0.85,0,0.55,-19.7,107,-426
0.85,0,0.6,-22,119,-420
0.85,0,0.65,-23.1,126,-420
0.85,0,0.7,-24.4,131,-417
0.85,0,0.75,-25.7,139,-412
0.85,0,0.8,-26.9,145,-410
0.85,0,0.85,-28.4,152,-405
0.85,0,0.9,-29,154,-403
0.85,0,0.95,-29.9,159,-401
0.85,0,1,-30.5,162,-399
0.85,0,1.05,-31.6,166,-395
0.85,0,1.1,-32.5,171,-392
0.85,0,1.15,-33.6,175,-391
0.85,0,1.2,-34.4,180,-387
0.85,0,1.25,-35.7,184,-383
0.85,0,1.3,-36.2,188,-382
0.85,0,1.35,-36.8,190,-379
0.85,0,1.4,-36.8,190,-380
0.85,0,1.45,-39.7,202,-370
0.85,0,1.5,-40.5,206,-366
0.9,0,0,-17.7,108,-429
0.9,0.05,0,-17,107,-431
0.9,0.1,0,-16.8,107,-430
0.9,0.15,0,-16.8,107,-429
0.9,0.2,0,-2.5,36,-445
0.9,0.25,0,5.1,-4,-445
0.9,0.3,0,7.6,-13,-444
0.9,0.35,0,8.7,-20,-443
0.9,0.4,0,11.7,-33,-440
0.9,0.45,0,12.8,-39,-440
0.9,0.5,0,15.4,-52,-437
0.9,0.55,0,17.1,-59,-435
0.9,0.6,0,19.8,-72,-431
0.9,0.65,0,21.2,-79,-429
0.9,0.7,0,22.4,-85,-428
0.9,0.75,0,24.6,-95,-423
0.9,0.8,0,25.4,-100,-419
0.9,0.85,0,27.5,-108,-415
0.9,0.9,0,28.3,-113,-413
0.9,0.95,0,30.6,-120,-410
0.9,1,0,31.1,-123,-408
0.9,1.05,0,31.4,-126,-405
0.9,1.1,0,34,-134,-403
0.9,1.15,0,34.5,-137,-400
0.9,1.2,0,35.7,-142,-396
0.9,1.25,0,36.3,-144,-395
0.9,1.3,0,37.1,-147,-393
0.9,1.35,0,38.1,-152,-390
0.9,1.4,0,38.6,-154,-389
0.9,1.45,0,39.9,-158,-385
0.9,1.5,0,40.4,-160,-385
0.9,0,0,5.4,-19,-448
0.9,0,0.05,5.4,-19,-448
0.9,0,0.1,5.1,-18,-448
0.9,0,0.15,4.4,-16,-448
0.9,0,0.2,4.3,-13,-449
0.9,0,0.25,0.3,4,-450
0.9,0,0.3,-4.7,30,-447
0.9,0,0.35,-9.5,56,-442
0.9,0,0.4,-13.3,75,-438
0.9,0,0.45,-14.8,85,-435
0.9,0,0.5,-17.8,98,-432
0.9,0,0.55,-19.1,105,-426
0.9,0,0.6,-21.2,116,-422
0.9,0,0.65,-22.2,121,-421
0.9,0,0.7,-23.4,128,-419
0.9,0,0.75,-25.1,137,-414
0.9,0,0.8,-26,141,-411
0.9,0,0.85,-28,148,-406
0.9,0,0.9,-28.5,152,-405
0.9,0,0.95,-29.9,158,-402
0.9,0,1,-30.9,162,-399
0.9,0,1.05,-31.5,166,-396
0.9,0,1.1,-32.5,170,-394
0.9,0,1.15,-33.2,173,-391
0.9,0,1.2,-34.4,180,-387
0.9,0,1.25,-35.1,182,-384
0.9,0,1.3,-35.7,185,-382
0.9,0,1.35,-35.9,187,-380
0.9,0,1.4,-37,191,-377
0.9,0,1.45,-38.6,200,-372
0.9,0,1.5,-39.9,203,-368
0.95,0,0,-16.8,105,-430
0.95,0.05,0,-16.5,103,-431
0.95,0.1,0,-16.4,103,-431
0.95,0.15,0,-16.4,103,-431
0.95,0.2,0,-4,40,-447
0.95,0.25,0,4,2,-446
0.95,0.3,0,6.1,-8,-445
0.95,0.35,0,7.6,-14,-443
0.95,0.4,0,10.1,-28,-443
0.95,0.45,0,11.7,-34,-440
0.95,0.5,0,14.2,-44,-438
0.95,0.55,0,15.6,-53,-438
0.95,0.6,0,17.8,-64,-435
0.95,0.65,0,19.4,-70,-432
0.95,0.7,0,20.7,-76,-430
0.95,0.75,0,23,-87,-426
0.95,0.8,0,24.3,-93,-423
0.95,0.85,0,26.2,-102,-419
0.95,0.9,0,26.9,-106,-418
0.95,0.95,0,29,-114,-414
0.95,1,0,29.8,-118,-412
0.95,1.05,0,30.7,-121,-410
0.95,1.1,0,32.1,-128,-406
0.95,1.15,0,33.2,-132,-403
0.95,1.2,0,34.7,-137,-400
0.95,1.25,0,35.3,-140,-400
0.95,1.3,0,35.7,-142,-397
0.95,1.35,0,36.8,-147,-395
0.95,1.4,0,37.3,-149,-392
0.95,1.45,0,38.9,-153,-389
0.95,1.5,0,39.1,-155,-389
0.95,0,0,4.7,-15,-448
0.95,0,0.05,4.3,-14,-449
0.95,0,0.1,4.4,-13,-448
0.95,0,0.15,4.3,-13,-448
0.95,0,0.2,4.3,-12,-449
0.95,0,0.25,1.4,3,-449
0.95,0,0.3,-2.2,21,-448
0.95,0,0.35,-8,48,-444
0.95,0,0.4,-11.4,67,-441
0.95,0,0.45,-14.4,79,-438
0.95,0,0.5,-16.4,93,-433
0.95,0,0.55,-18.3,100,-430
0.95,0,0.6,-19.8,111,-427
0.95,0,0.65,-21.1,117,-424
0.95,0,0.7,-22.7,123,-421
0.95,0,0.75,-24.1,132,-418
0.95,0,0.8,-25.4,137,-412
0.95,0,0.85,-27,146,-410
0.95,0,0.9,-27.7,149,-407
0.95,0,0.95,-29,155,-403
0.95,0,1,-29.7,158,-402
0.95,0,1.05,-30.4,160,-398
0.95,0,1.1,-31.2,166,-396
0.95,0,1.15,-32.2,169,-394
0.95,0,1.2,-33.6,175,-388
0.95,0,1.25,-34.1,178,-387
0.95,0,1.3,-34.7,181,-387
0.95,0,1.35,-35.9,187,-382
0.95,0,1.4,-36,189,-381
0.95,0,1.45,-37.8,194,-377
0.95,0,1.5,-38.6,198,-374
1,0,0,-16,102,-433
1,0.05,0,-15.9,103,-433
1,0.1,0,-16.2,102,-433
1,0.15,0,-15.5,100,-435
1,0.2,0,-5.4,48,-443
1,0.25,0,3.6,4,-447
1,0.3,0,5.8,-5,-445
1,0.35,0,6.9,-12,-445
1,0.4,0,10.2,-26,-442
1,0.45,0,10.9,-31,-441
1,0.5,0,13.5,-43,-438
1,0.55,0,15.1,-48,-437
1,0.6,0,17.6,-61,-434
1,0.65,0,18.9,-66,-432
1,0.7,0,20.4,-73,-430
1,0.75,0,22,-84,-428
1,0.8,0,23.5,-90,-425
1,0.85,0,25.7,-99,-421
1,0.9,0,26.5,-103,-418
1,0.95,0,28.3,-111,-413
1,1,0,29,-114,-412
1,1.05,0,29.6,-118,-410
1,1.1,0,31.9,-124,-408
1,1.15,0,32.2,-128,-407
1,1.2,0,33.9,-134,-402
1,1.25,0,35,-137,-400
1,1.3,0,35.3,-139,-399
1,1.35,0,36.8,-145,-396
1,1.4,0,36.5,-145,-394
1,1.45,0,37.8,-151,-392
1,1.5,0,38.6,-152,-390
1,0,0,5.1,-14,-448
1,0,0.05,4.3,-13,-448
1,0,0.1,4,-11,-448
1,0,0.15,3.2,-8,-448
1,0,0.2,2.9,-7,-447
1,0,0.25,0,7,-448
1,0,0.3,-2.5,22,-449
1,0,0.35,-6.9,43,-446
1,0,0.4,-11.8,66,-440
1,0,0.45,-13.6,76,-439
1,0,0.5,-16.1,90,-435
1,0,0.55,-17.5,97,-431
1,0,0.6,-19.4,107,-427
1,0,0.65,-20.4,113,-425
1,0,0.7,-21.4,119,-423
1,0,0.75,-23.6,129,-419
1,0,0.8,-24.4,133,-416
1,0,0.85,-26.5,142,-410
1,0,0.9,-27.2,147,-409
1,0,0.95,-28.8,154,-403
1,0,1,-29.3,157,-402
1,0,1.05,-30,159,-400
1,0,1.1,-31.9,166,-394
1,0,1.15,-32.2,169,-394
1,0,1.2,-33.6,174,-392
1,0,1.25,-33.8,176,-388
1,0,1.3,-34.4,180,-387
1,0,1.35,-35.7,184,-382
1,0,1.4,-36.2,188,-382
1,0,1.45,-37.5,193,-377
1,0,1.5,-37.8,196,-375
1.05,0,0,-15.5,100,-434
1.05,0.05,0,-15.5,100,-436
1.05,0.1,0,-15.2,99,-433
1.05,0.15,0,-15.2,99,-434
1.05,0.2,0,-4.7,46,-445
1.05,0.25,0,3.2,6,-447
1.05,0.3,0,4.7,-2,-444
1.05,0.35,0,6.5,-10,-445
1.05,0.4,0,9.8,-24,-443
1.05,0.45,0,10.5,-30,-442
1.05,0.5,0,13.5,-41,-440
1.05,0.55,0,14.6,-46,-438
1.05,0.6,0,16.8,-58,-436
1.05,0.65,0,18.3,-65,-433
1.05,0.7,0,19.4,-70,-431
1.05,0.75,0,21.5,-81,-426
1.05,0.8,0,22.6,-87,-427
1.05,0.85,0,24.6,-96,-422
1.05,0.9,0,26,-101,-420
1.05,0.95,0,27.8,-108,-416
1.05,1,0,28.6,-112,-412
1.05,1.05,0,29.4,-116,-413
1.05,1.1,0,30.9,-121,-409
1.05,1.15,0,32.2,-127,-407
1.05,1.2,0,33.2,-132,-404
1.05,1.25,0,34.2,-136,-402
1.05,1.3,0,34.5,-138,-401
1.05,1.35,0,35.5,-142,-398
1.05,1.4,0,36.3,-145,-395
1.05,1.45,0,37.6,-150,-393
1.05,1.5,0,38.4,-152,-392
1.05,0,0,4,-11,-448
1.05,0,0.05,4.3,-11,-449
1.05,0,0.1,4,-10,-448
1.05,0,0.15,3.2,-6,-449
1.05,0,0.2,2.9,-6,-448
1.05,0,0.25,0.7,7,-448
1.05,0,0.3,-2.5,21,-449
1.05,0,0.35,-5.9,39,-447
1.05,0,0.4,-10.7,63,-442
1.05,0,0.45,-12.7,73,-438
1.05,0,0.5,-15.2,87,-435
1.05,0,0.55,-16.4,94,-432
1.05,0,0.6,-18.4,103,-428
1.05,0,0.65,-20,110,-427
1.05,0,0.7,-21.1,117,-424
1.05,0,0.75,-23.2,128,-418
1.05,0,0.8,-24.2,132,-416
1.05,0,0.85,-25.5,140,-411
1.05,0,0.9,-26.9,144,-409
1.05,0,0.95,-28.7,153,-404
1.05,0,1,-29.2,155,-402
1.05,0,1.05,-29.7,158,-402
1.05,0,1.1,-30.9,164,-398
1.05,0,1.15,-32.2,168,-395
1.05,0,1.2,-32.5,173,-393
1.05,0,1.25,-33.9,176,-389
1.05,0,1.3,-34.1,179,-387
1.05,0,1.35,-35.4,183,-384
1.05,0,1.4,-35.7,187,-383
1.05,0,1.45,-37.1,191,-379
1.05,0,1.5,-37.3,193,-377
1.1,0,0,-15.5,100,-436
1.1,0.05,0,-14.7,96,-436
1.1,0.1,0,-14.7,96,-435
1.1,0.15,0,-14.7,96,-436
1.1,0.2,0,-5.9,51,-444
1.1,0.25,0,2.2,10,-445
1.1,0.3,0,4,1,-446
1.1,0.35,0,5.4,-5,-446
1.1,0.4,0,8.3,-19,-444
1.1,0.45,0,9.8,-26,-444
1.1,0.5,0,11.9,-36,-441
1.1,0.55,0,13.6,-42,-438
1.1,0.6,0,15.8,-52,-437
1.1,0.65,0,16.9,-58,-434
1.1,0.7,0,18.5,-66,-433
1.1,0.75,0,20.7,-75,-430
1.1,0.8,0,21.4,-81,-429
1.1,0.85,0,23.6,-90,-425
1.1,0.9,0,24.4,-95,-423
1.1,0.95,0,26.7,-104,-420
1.1,1,0,27.7,-108,-417
1.1,1.05,0,28.3,-112,-415
1.1,1.1,0,29.8,-118,-412
1.1,1.15,0,30.9,-121,-410
1.1,1.2,0,32.2,-127,-407
1.1,1.25,0,33.1,-129,-404
1.1,1.3,0,33.4,-133,-403
1.1,1.35,0,34.5,-138,-401
1.1,1.4,0,35.3,-140,-399
1.1,1.45,0,36.5,-144,-396
1.1,1.5,0,36.8,-147,-394
1.1,0,0,3.6,-7,-448
1.1,0,0.05,2.9,-6,-449
1.1,0,0.1,3.2,-6,-448
1.1,0,0.15,2.9,-4,-449
1.1,0,0.2,1.8,-1,-449
1.1,0,0.25,0.3,9,-449
1.1,0,0.3,-2.1,21,-449
1.1,0,0.35,-5.1,35,-445
1.1,0,0.4,-9.5,57,-442
1.1,0,0.45,-11.3,67,-440
1.1,0,0.5,-14.4,82,-435
1.1,0,0.55,-15.6,89,-435
1.1,0,0.6,-18.2,101,-431
1.1,0,0.65,-18.6,105,-428
1.1,0,0.7,-20.3,111,-425
1.1,0,0.75,-22.1,121,-421
1.1,0,0.8,-22.9,126,-419
1.1,0,0.85,-25.4,137,-413
1.1,0,0.9,-26.2,141,-412
1.1,0,0.95,-27.8,149,-407
1.1,0,1,-28.5,152,-404
1.1,0,1.05,-28.7,154,-404
1.1,0,1.1,-30.2,160,-400
1.1,0,1.15,-30.9,164,-398
1.1,0,1.2,-32.5,171,-392
1.1,0,1.25,-32.7,172,-391
1.1,0,1.3,-33.8,176,-390
1.1,0,1.35,-34.4,180,-388
1.1,0,1.4,-34.9,184,-385
1.1,0,1.45,-36.2,187,-381
1.1,0,1.5,-36.5,189,-379
1.15,0,0,-14.4,94,-435
1.15,0.05,0,-14.8,94,-435
1.15,0.1,0,-14.1,92,-435
1.15,0.15,0,-14,92,-437
1.15,0.2,0,-5.9,50,-444
1.15,0.25,0,1.4,12,-448
1.15,0.3,0,4,2,-446
1.15,0.35,0,5.1,-4,-447
1.15,0.4,0,8,-17,-443
1.15,0.45,0,9.5,-23,-444
1.15,0.5,0,11.3,-34,-442
1.15,0.55,0,13.2,-40,-438
1.15,0.6,0,15.3,-50,-437
1.15,0.65,0,16.5,-56,-436
1.15,0.7,0,17.7,-62,-434
1.15,0.75,0,20,-74,-433
1.15,0.8,0,21.1,-79,-431
1.15,0.85,0,23,-88,-424
1.15,0.9,0,23.8,-92,-424
1.15,0.95,0,26,-102,-420
1.15,1,0,27,-106,-418
1.15,1.05,0,28,-110,-416
1.15,1.1,0,29.1,-116,-413
1.15,1.15,0,29.9,-118,-412
1.15,1.2,0,31.7,-124,-408
1.15,1.25,0,32.2,-127,-406
1.15,1.3,0,32.7,-130,-406
1.15,1.35,0,34.2,-136,-401
1.15,1.4,0,35,-138,-400
1.15,1.45,0,35.8,-142,-398
1.15,1.5,0,36.2,-143,-396
1.15,0,0,3.3,-5,-448
1.15,0,0.05,2.5,-5,-448
1.15,0,0.1,2.5,-3,-449
1.15,0,0.15,2.1,-1,-449
1.15,0,0.2,1.8,1,-450
1.15,0,0.25,0.3,10,-448
1.15,0,0.3,-1.8,20,-447
1.15,0,0.35,-5.1,33,-446
1.15,0,0.4,-9.5,57,-443
1.15,0,0.45,-11.1,63,-442
1.15,0,0.5,-14.1,80,-437
1.15,0,0.55,-15.2,87,-435
1.15,0,0.6,-17.5,98,-430
1.15,0,0.65,-17.9,102,-429
1.15,0,0.7,-19.7,109,-426
1.15,0,0.75,-21.4,119,-422
1.15,0,0.8,-22.4,123,-420
1.15,0,0.85,-24.2,131,-416
1.15,0,0.9,-25.2,137,-414
1.15,0,0.95,-27.4,148,-408
1.15,0,1,-28,151,-407
1.15,0,1.05,-28.2,152,-405
1.15,0,1.1,-29.9,159,-401
1.15,0,1.15,-30.5,162,-399
1.15,0,1.2,-32,169,-395
1.15,0,1.25,-32.7,172,-393
1.15,0,1.3,-33,174,-392
1.15,0,1.35,-34.6,179,-386
1.15,0,1.4,-34.9,181,-385
1.15,0,1.45,-35.4,185,-383
1.15,0,1.5,-36,188,-381
1.2,0,0,-14.1,91,-434
1.2,0.05,0,-13.9,90,-437
1.2,0.1,0,-14.4,91,-437
1.2,0.15,0,-13.6,90,-436
1.2,0.2,0,-7,54,-444
1.2,0.25,0,0.7,16,-447
1.2,0.3,0,3.3,6,-446
1.2,0.35,0,4.3,-1,-446
1.2,0.4,0,7.6,-13,-444
1.2,0.45,0,8.8,-20,-443
1.2,0.5,0,11.2,-32,-443
1.2,0.55,0,11.9,-36,-442
1.2,0.6,0,14.3,-46,-440
1.2,0.65,0,15.8,-52,-438
1.2,0.7,0,17.3,-58,-436
1.2,0.75,0,18.6,-68,-434
1.2,0.8,0,19.8,-74,-431
1.2,0.85,0,22,-83,-429
1.2,0.9,0,23,-87,-426
1.2,0.95,0,24.8,-95,-423
1.2,1,0,25.4,-99,-422
1.2,1.05,0,26.4,-103,-419
1.2,1.1,0,28,-110,-417
1.2,1.15,0,29.3,-114,-414
1.2,1.2,0,30.4,-119,-411
1.2,1.25,0,30.9,-123,-410
1.2,1.3,0,31.7,-125,-409
1.2,1.35,0,33,-130,-406
1.2,1.4,0,33.5,-132,-403
1.2,1.45,0,34.8,-138,-401
1.2,1.5,0,35.5,-139,-400
1.2,0,0,2.9,-3,-449
1.2,0,0.05,2.9,-2,-450
1.2,0,0.1,2.5,-1,-451
1.2,0,0.15,1.8,2,-451
1.2,0,0.2,1.4,4,-449
1.2,0,0.25,-0.7,12,-449
1.2,0,0.3,-2.1,21,-449
1.2,0,0.35,-4,30,-446
1.2,0,0.4,-8.1,50,-443
1.2,0,0.45,-10,60,-441
1.2,0,0.5,-12.8,74,-440
1.2,0,0.55,-14,81,-437
1.2,0,0.6,-16.3,93,-432
1.2,0,0.65,-17.6,99,-429
1.2,0,0.7,-18.3,103,-429
1.2,0,0.75,-20.5,115,-426
1.2,0,0.8,-21.2,118,-422
1.2,0,0.85,-23.9,128,-416
1.2,0,0.9,-24.6,133,-417
1.2,0,0.95,-26.2,142,-411
1.2,0,1,-27.4,148,-406
1.2,0,1.05,-28.2,150,-406
1.2,0,1.1,-29.3,156,-402
1.2,0,1.15,-29.9,158,-400
1.2,0,1.2,-31.5,166,-397
1.2,0,1.25,-32,169,-395
1.2,0,1.3,-32.7,171,-392
1.2,0,1.35,-33.6,176,-390
1.2,0,1.4,-33.9,179,-388
1.2,0,1.45,-34.6,182,-386
1.2,0,1.5,-35.7,185,-382
